index,filename,true_class,predicted_class,confidence,healthy_probability,powdery_probability,rust_probability
11,8e79802b3fb770c8.jpg,Healthy,Rust,0.3947114646434784,0.30155688524246216,0.3037315905094147,0.3947114646434784
12,8e7986d1ecd36445.jpg,Healthy,Rust,0.4056665301322937,0.3435347378253937,0.2507987320423126,0.4056665301322937
15,8e8470687be37378.jpg,Healthy,Rust,0.7446835041046143,0.1296953409910202,0.12562116980552673,0.7446835041046143
19,8e98e20ace1abaeb.jpg,Healthy,Powdery,0.3631327748298645,0.2748931348323822,0.3631327748298645,0.3619741201400757
22,8eb0da4b65b0638f.jpg,Healthy,Powdery,0.5978344678878784,0.14367739856243134,0.5978344678878784,0.25848817825317383
28,8f137ee1d4f01a58.jpg,Healthy,Rust,0.6164177060127258,0.30934828519821167,0.0742340162396431,0.6164177060127258
35,8f3360ce3227c79a.jpg,Healthy,Rust,0.5259361267089844,0.40732741355895996,0.0667363628745079,0.5259361267089844
49,8fd88738e26f45c4.jpg,Healthy,Rust,0.3617899417877197,0.2775360345840454,0.36067402362823486,0.3617899417877197
50,80bc7d353e163e85.jpg,Powdery,Healthy,0.5679004788398743,0.5679004788398743,0.17074032127857208,0.26135915517807007
51,80f8cdc9854f756a.jpg,Powdery,Rust,0.4899917542934418,0.11134956777095795,0.39865872263908386,0.4899917542934418
52,81a3b719b6c2b4da.jpg,Powdery,Healthy,0.36443179845809937,0.36443179845809937,0.33787107467651367,0.2976970970630646
53,81a63d7ef8245a72.jpg,Powdery,Healthy,0.7978524565696716,0.7978524565696716,0.02909083105623722,0.17305664718151093
55,81e5fcf446a9270b.jpg,Powdery,Rust,0.5317919254302979,0.37444260716438293,0.09376541525125504,0.5317919254302979
57,81f43097df3940d7.jpg,Powdery,Rust,0.6882084608078003,0.12386064976453781,0.1879308521747589,0.6882084608078003
58,81fd7a861aedb380.jpg,Powdery,Rust,0.46118679642677307,0.2816624939441681,0.25715065002441406,0.46118679642677307
60,82c232bae9b36ccd.jpg,Powdery,Healthy,0.7803159356117249,0.7803159356117249,0.04140963777899742,0.17827436327934265
65,83ac2ccacb0fd2b9.jpg,Powdery,Healthy,0.3880537450313568,0.3880537450313568,0.3035490810871124,0.30839720368385315
69,83d867d86f14c62b.jpg,Powdery,Healthy,0.5009241700172424,0.5009241700172424,0.23024825751781464,0.2688276469707489
72,84d40fd9cf1819cf.jpg,Powdery,Healthy,0.5008581280708313,0.5008581280708313,0.21633528172969818,0.28280654549598694
77,85c232ef5da06ab9.jpg,Powdery,Rust,0.4612562954425812,0.21720780432224274,0.3215358853340149,0.4612562954425812
79,85ec3f0705065df9.jpg,Powdery,Rust,0.4085090756416321,0.28649672865867615,0.3049941956996918,0.4085090756416321
83,86c26ddf47b35828.jpg,Powdery,Healthy,0.4242381751537323,0.4242381751537323,0.27513906359672546,0.30062276124954224
90,9ec3bb24f28c4d8c.jpg,Powdery,Healthy,0.5926716923713684,0.5926716923713684,0.1573200523853302,0.2500082850456238
91,9ec7295cb1d44c2d.jpg,Powdery,Healthy,0.4946509897708893,0.4946509897708893,0.2117777019739151,0.2935712933540344
92,9ed17032dce2f984.jpg,Powdery,Healthy,0.458292692899704,0.458292692899704,0.14719301462173462,0.394514262676239
95,9f1061a618f3fcc9.jpg,Powdery,Healthy,0.4362749755382538,0.4362749755382538,0.2558736801147461,0.30785128474235535
99,9ff7d2a548203c4b.jpg,Powdery,Healthy,0.5234923362731934,0.5234923362731934,0.15743142366409302,0.31907621026039124
103,831abdc76c05e23d.jpg,Rust,Healthy,0.7317413091659546,0.7317413091659546,0.02418150007724762,0.24407722055912018
105,83c2939deb266572.jpg,Rust,Healthy,0.528378427028656,0.528378427028656,0.017637118697166443,0.4539845287799835
106,849a8d127bfaeb21.jpg,Rust,Healthy,0.8407274484634399,0.8407274484634399,0.00906624086201191,0.1502062976360321
108,84c3f037e53e66a1.jpg,Rust,Healthy,0.8633741736412048,0.8633741736412048,0.010212041437625885,0.12641383707523346
109,84d7fe5c7c0c43c2.jpg,Rust,Healthy,0.7299208045005798,0.7299208045005798,0.03065226785838604,0.23942692577838898
113,85e36e1b30afca61.jpg,Rust,Healthy,0.6581435203552246,0.6581435203552246,0.003899696981534362,0.3379567563533783
114,85f0c2c0db4b4f4f.jpg,Rust,Healthy,0.7924757599830627,0.7924757599830627,0.020989665761590004,0.18653462827205658
115,85f6618e5784b9a3.jpg,Rust,Healthy,0.8487080931663513,0.8487080931663513,0.010691617615520954,0.14060023427009583
119,87acd6d232ab4475.jpg,Rust,Healthy,0.5987573862075806,0.5987573862075806,0.028458278626203537,0.37278440594673157
120,87e3d0c12a7ba995.jpg,Rust,Healthy,0.6286590695381165,0.6286590695381165,0.006561588495969772,0.3647792935371399
121,87e8cb11791fd078.jpg,Rust,Healthy,0.7288630604743958,0.7288630604743958,0.04599078372120857,0.22514614462852478
122,88b3f86bc843d58d.jpg,Rust,Powdery,0.4995496869087219,0.10839579999446869,0.4995496869087219,0.3920544683933258
124,89afafc40142e36f.jpg,Rust,Healthy,0.788567066192627,0.788567066192627,0.002214574022218585,0.20921830832958221
126,89bf2f7258719624.jpg,Rust,Healthy,0.8097730278968811,0.8097730278968811,0.0217314250767231,0.16849558055400848
128,89e926943ba5693b.jpg,Rust,Healthy,0.5526493191719055,0.5526493191719055,0.023221341893076897,0.4241293966770172
130,90fcd8e1fb2e003d.jpg,Rust,Healthy,0.4433442950248718,0.4433442950248718,0.17871159315109253,0.37794408202171326
131,91a12f3a425635ef.jpg,Rust,Healthy,0.8085256218910217,0.8085256218910217,0.020397450774908066,0.17107689380645752
135,92ad52c79d278b31.jpg,Rust,Healthy,0.5675702095031738,0.5675702095031738,0.042358703911304474,0.3900711238384247
137,93b2a2dec65c2b43.jpg,Rust,Healthy,0.5011302828788757,0.5011302828788757,0.1749173402786255,0.32395240664482117
138,93b7273db49054ca.jpg,Rust,Healthy,0.6471013426780701,0.6471013426780701,0.04409663751721382,0.30880194902420044
139,93e896990cb365b5.jpg,Rust,Healthy,0.7665025591850281,0.7665025591850281,0.03297501057386398,0.20052237808704376
142,95a921b75e401afe.jpg,Rust,Powdery,0.6571522951126099,0.033550459891557693,0.6571522951126099,0.3092972934246063
149,99f3639158699cd8.jpg,Rust,Healthy,0.6099104881286621,0.6099104881286621,0.004333107266575098,0.38575637340545654
