epoch,loss,accuracy,val_loss,val_accuracy
1,0.6565386056900024,0.7844175696372986,0.321472704410553,0.949999988079071
2,0.3210527300834656,0.92738276720047,0.23140233755111694,0.949999988079071
3,0.2521938383579254,0.9379727840423584,0.1710222363471985,0.9666666388511658
4,0.19221556186676025,0.9614220857620239,0.13474354147911072,0.9666666388511658
5,0.17261092364788055,0.9621785283088684,0.12478343397378922,0.9666666388511658
6,0.15385465323925018,0.9621785283088684,0.10429584234952927,0.9833333492279053
7,0.14436788856983185,0.9644477963447571,0.09514391422271729,0.9833333492279053
8,0.13196314871311188,0.9704992175102234,0.09322773665189743,0.9833333492279053
9,0.12087741494178772,0.9667171239852905,0.09063218533992767,0.9833333492279053
10,0.12260686606168747,0.9644477963447571,0.08164982497692108,1.0
11,0.10235919058322906,0.9780635237693787,0.07753076404333115,1.0
12,0.10381796956062317,0.9720121026039124,0.07739103585481644,1.0
13,0.08979646116495132,0.9818456768989563,0.060285743325948715,1.0
14,0.08537644147872925,0.9795764088630676,0.06745918095111847,1.0
15,0.08980190008878708,0.9727685451507568,0.06580198556184769,0.9833333492279053
16,0.08894682675600052,0.9788199663162231,0.05878804624080658,1.0
17,0.08233152329921722,0.9773070812225342,0.05592253431677818,1.0
18,0.08247177302837372,0.9833585619926453,0.05686749517917633,1.0
19,0.08457738906145096,0.9773070812225342,0.057684965431690216,1.0
20,0.08048369735479355,0.9841150045394897,0.05756552144885063,1.0
